title,description,pubdate
Madeleine McCann: Police to search Portuguese reservoir - local reports,"Police will start combing the area, 50km from where the toddler went missing, local media reports.","Mon, 22 May 2023 14:10:33 GMT"
"I'm confident nothing untoward happened over speeding course, says Suella Braverman",The home secretary refuses to confirm if she asked civil servants to arrange a one-to-one speeding awareness course.,"Mon, 22 May 2023 13:53:11 GMT"
BBC's Naga Munchetty reveals womb condition adenomyosis,The presenter shares her diagnosis of debilitating womb disorder adenomyosis with BBC Radio 5 Live listeners.,"Mon, 22 May 2023 10:00:33 GMT"
Cyclist Mark Cavendish to retire at end of season,"Mark Cavendish, one of Britain's most successful cyclists and winner of a joint-record 34 stages of the Tour de France, announces his retirement.","Mon, 22 May 2023 12:24:35 GMT"
Picnics and blooms: The Chelsea Flower Show in pictures,Exhibitors are making last-minute adjustments to their displays before the gates open on Tuesday.,"Mon, 22 May 2023 12:55:27 GMT"
Laura Nuttall: Bucket list brain cancer fundraiser dies,The 23-year-old was given 12 months to live five years ago and went on to complete a list of ambitions.,"Mon, 22 May 2023 11:59:08 GMT"
Ex-Mirror chief regrets unlawful behaviour at newspapers,Sly Bailey said she had 'no knowledge' of the activities and wanted 'to put the record straight'.,"Mon, 22 May 2023 12:38:25 GMT"
Graeme Souness: Football legend to swim Channel for 'butterfly skin' girl,"The footballer fought back tears as he described the bravery of Isla Grist, who has the rare condition.","Mon, 22 May 2023 12:13:07 GMT"
Phillip Schofield: Alison Hammond and Dermot O'Leary pay tribute on This Morning,Stand-in presenters Alison Hammond and Dermot O'Leary discuss Phillip Schofield following his exit.,"Mon, 22 May 2023 10:37:22 GMT"
Margaret Ferrier: Covid train trip MP loses appeal over Commons ban,A by-election is now more likely in Margaret Ferrier's Rutherglen and Hamilton West constituency.,"Mon, 22 May 2023 13:49:39 GMT"
Foo Fighters: Josh Freese joins as drummer after Taylor Hawkins' death,Josh Freese played drums at the rock band's two memorial concerts for Taylor Hawkins last year.,"Mon, 22 May 2023 10:40:00 GMT"
Watch: Escaped water buffalo herd wreck Essex couple's garden,"A couple win compensation from a farm after the animals cause £25,000 of damage in the garden.","Mon, 22 May 2023 13:49:57 GMT"
Explaining the 'how' - the launch of BBC Verify,"BBC News CEO Deborah Turness introduces Verify, where BBC journalists share their evidence gathering.","Sun, 21 May 2023 23:12:36 GMT"
"Battle of the museums for £120,000 prize","Attractions in London, Glasgow, Belfast and Orkney are in the running to win UK Museum of the Year.","Mon, 22 May 2023 08:00:46 GMT"
The best of British press photography,Members of the British Press Photographers' Association show off their best shots.,"Mon, 22 May 2023 00:28:50 GMT"
Phillip Schofield and Holly Willoughby: What went wrong for This Morning pair?,The presenter left ITV's This Morning after reports of a strained relationship with Holly Willoughby.,"Sun, 21 May 2023 08:09:56 GMT"
Extreme weather more common but less deadly,Better early warning systems and disaster management mean fewer lives lost to extreme weather.,"Mon, 22 May 2023 14:05:53 GMT"
Waiting at South Sudan airport with nowhere to go,Thousands of people find themselves stranded in South Sudan after fleeing the conflict to the north.,"Sun, 21 May 2023 23:06:14 GMT"
"Titanic: Amateur radio heard SOS in Welsh town 3,000 miles away",Artie Moore's homemade station picked up the ship's distress signals - but nobody believed him.,"Mon, 22 May 2023 05:13:01 GMT"
'Pay your writers!' Students interrupt Warner Bros CEO speech,Warner Bros CEO David Zaslav was speaking a graduation ceremony for students at Boston University.,"Mon, 22 May 2023 08:46:52 GMT"
Junior doctors in Scotland offered 14.5% pay rise,The new Scottish government pay offer comes after BMA Scotland members voted for strike action.,"Mon, 22 May 2023 09:29:39 GMT"
Hinge and Bracket star George Logan dies aged 78,The entertainer was well known in the 1970s and 1980s as one half of the comedy and musical act.,"Mon, 22 May 2023 08:21:24 GMT"
Comic Uncle Roger banned on Chinese social media,The British-Malaysian comedian made a joke about the authoritarian government in Beijing.,"Mon, 22 May 2023 10:50:19 GMT"
"Roblox: Ten-year-old spent £2,500 of mum's money without her knowing",Tesco Bank initially refused to refund the mum but changed its mind after a BBC show got involved.,"Mon, 22 May 2023 05:08:31 GMT"
Watch: Fire ravages historic Manila post office building,A massive blaze tore through Manila’s historic Central Post Office late Sunday.,"Mon, 22 May 2023 06:51:08 GMT"
Interest rate 'rigging' evidence 'covered up' by banks,This evidence was not shown to juries where bankers were jailed for smaller-scale interest rate 'rigging'.,"Mon, 22 May 2023 07:54:16 GMT"
Watch: Green flash as meteor blazes across sky,Residents in north-east Australia caught a glimpse of what scientists believe to be a meteor on Saturday night.,"Mon, 22 May 2023 03:46:10 GMT"
China bans major chip maker Micron from key infrastructure projects,"It is China's first major move against a US chip maker, as tensions increase between Beijing and Washington.","Mon, 22 May 2023 12:42:48 GMT"
"Manchester Arena survivors lack support, study finds","Some young Manchester Arena attack survivors have not received professional support, research finds.","Mon, 22 May 2023 06:04:43 GMT"
US debt ceiling: Joe Biden urges Republicans to compromise as talks resume,The president will meet top Republican Kevin McCarthy on Monday for talks on lifting the ceiling.,"Mon, 22 May 2023 07:59:23 GMT"
James Anderson: England fast bowler reflects on career 20 years after Test debut,"From Burnley Cricket Club to becoming England's greatest fast bowler, James Anderson reflects on his career 20 years on from his Test debut.","Mon, 22 May 2023 05:47:40 GMT"
"Racist abuse of Vinicius Jr shows society illness, says Guillem Balague",The disgusting racist abuse of Vinicius Jr receives almost whenever he plays in La Liga shows that things need to change.,"Mon, 22 May 2023 12:05:54 GMT"
Everton reach exclusivity agreement with MSP over investment,"Everton have reached an exclusivity agreement with New York-based company MSP Sports Capital for investment in the club, BBC Sport understands.","Mon, 22 May 2023 14:14:04 GMT"
US PGA Championship 2023: Brooks Koepka beats Scottie Scheffler and Viktor Hovland at Oak Hill,A resurgent Brooks Koepka holds off Scottie Scheffler and Viktor Hovland to claim his third US PGA Championship title at Oak Hill.,"Mon, 22 May 2023 00:22:50 GMT"
Mancheser United's Hayley Ladd and Chelsea's Guro Reiten in WSL best goals,"Watch the best goals from this weekend's Women's Super League fixtures including a ""brilliant"" finish from Chelsea's Guro Reiten and Manchester United's Hayley Ladd scores from long range.","Mon, 22 May 2023 12:47:49 GMT"
Graeme Souness on charity English Channel swim for girl with rare skin condition,"Former Liverpool, Rangers and Scotland player Graeme Souness is swimming the English Channel to raise funds for charity after meeting 14-year-old Isla Grist.","Mon, 22 May 2023 09:19:51 GMT"
Why food bills aren't shrinking - five things to know,"Prices in the shops remain much higher than a year ago, despite falls in energy and food costs.","Sun, 21 May 2023 23:04:48 GMT"
Cost of living: What are your rights as a tenant when you're renting?,"With one in five people now renting in the UK, it's important to understand your rights as a tenant.","Wed, 17 May 2023 14:38:10 GMT"
First time home buyers: How much can I borrow?,"With rents rising, more people are crunching the numbers to see if they can afford to buy.","Fri, 12 May 2023 09:47:46 GMT"
How to cut energy and heating costs at home,Consumer Affairs Correspondent Colletta Smith has picked out some of the best ways to cut costs in your home.,"Thu, 29 Sep 2022 23:08:25 GMT"
Can you get cheaper broadband deals with social tariffs?,Find out whether you are eligible for a social tariff and how to pay less each month.,"Thu, 18 May 2023 13:57:42 GMT"
